{
  "n_total": 100,
  "labels": [
    "-3",
    "-2",
    "-1",
    "0",
    "1",
    "2",
    "3"
  ],
  "n_-3": 0,
  "proportion_-3": 0.0,
  "95%_CI_lower_-3": 0.0002506399507392151,
  "95%_CI_upper_-3": 0.03586462039000372,
  "n_-2": 2,
  "proportion_-2": 0.02,
  "95%_CI_lower_-2": 0.006167859543564683,
  "95%_CI_upper_-2": 0.0697050897949244,
  "n_-1": 14,
  "proportion_-1": 0.14,
  "95%_CI_lower_-1": 0.08557232883877558,
  "95%_CI_upper_-1": 0.22162268958860976,
  "n_0": 24,
  "proportion_0": 0.24,
  "95%_CI_lower_0": 0.1670326181104595,
  "95%_CI_upper_0": 0.3326262813112691,
  "n_1": 30,
  "proportion_1": 0.3,
  "95%_CI_lower_1": 0.21897872630403417,
  "95%_CI_upper_1": 0.396147128647689,
  "n_2": 20,
  "proportion_2": 0.2,
  "95%_CI_lower_2": 0.13355471026823137,
  "95%_CI_upper_2": 0.2891228981950768,
  "n_3": 10,
  "proportion_3": 0.1,
  "95%_CI_lower_3": 0.055637223835302965,
  "95%_CI_upper_3": 0.17455282607711903
}